{
    "rouge1": 0.10886351787996909,
    "rouge2": 0.006513438517058858,
    "rougeL": 0.05566017553750084,
    "rouge1_precision": 0.11274985746060036,
    "rouge1_recall": 0.1638964863921114,
    "rouge2_precision": 0.0072570171880496515,
    "rouge2_recall": 0.00877638983690814,
    "rougeL_precision": 0.060782993354623366,
    "rougeL_recall": 0.08407971918778841,
    "bleu1": 0.06581891478105072,
    "bleu2": 0.013308621980433493,
    "bleu3": 0.005019753679749801,
    "bleu4": 0.0027713637453327788,
    "true-perplexity": 39.407653759002685,
    "true-ingredient_coverage": 0.584435077808551,
    "true-step_complexity": 0.532093880967229,
    "true-recipe_coherence": 0.21421724386724397,
    "true-temp_time_score": 0.373,
    "pred-perplexity": 90.66685971450805,
    "pred-ingredient_coverage": 0.15826757596849694,
    "pred-step_complexity": 0.9798764912280699,
    "pred-recipe_coherence": 0.018,
    "pred-temp_time_score": 0.116
}
