{
    "rouge1": 0.1309067579192988, 
    "rouge2": 0.00836182650134344, 
    "rougeL": 0.06572222472334356, 
    "rouge1_precision": 0.14466016818916255, 
    "rouge1_recall": 0.1873744008975208, 
    "rouge2_precision": 0.010765707459306753, 
    "rouge2_recall": 0.010331373047964424, 
    "rougeL_precision": 0.08025271655171377, 
    "rougeL_recall": 0.09330759935314574, 
    "bleu1": 0.07674788370259705, 
    "bleu2": 0.01580866958679475, 
    "bleu3": 0.006199548275464539, 
    "bleu4": 0.003302566122751869, 
    "true-perplexity": 39.51844838357741, 
    "true-ingredient_coverage": 0.5848636576893014, 
    "true-step_complexity": 0.5329012195111973, 
    "true-recipe_coherence": 0.21473512486617333, 
    "true-temp_time_score": 0.3719758064516129, 
    "pred-perplexity": 125.19402854384914, 
    "pred-ingredient_coverage": 0.2083665344522699, 
    "pred-step_complexity": 0.9266812951704689, 
    "pred-recipe_coherence": 0.028897849462365593, 
    "pred-temp_time_score": 0.0967741935483871
}
