{
    "rouge1": 0.10832918058538099,
    "rouge2": 0.00539961183881945,
    "rougeL": 0.05091344898291073,
    "rouge1_precision": 0.09006175730307726,
    "rouge1_recall": 0.19556440231039451,
    "rouge2_precision": 0.0045346145675869125,
    "rouge2_recall": 0.009691646504513858,
    "rougeL_precision": 0.043277833960304976,
    "rougeL_recall": 0.09455387025308727,
    "bleu1": 0.06663196618287937,
    "bleu2": 0.012917372057295288,
    "bleu3": 0.0046285258724407495,
    "bleu4": 0.002485357593666083,
    "true-perplexity": 39.407653759002685,
    "true-ingredient_coverage": 0.584435077808551,
    "true-step_complexity": 0.532093880967229,
    "true-recipe_coherence": 0.21421724386724397,
    "true-temp_time_score": 0.373,
    "pred-perplexity": 112.12957357168197,
    "pred-ingredient_coverage": 0.2720239025855581,
    "pred-step_complexity": 0.972856603812854,
    "pred-recipe_coherence": 0.03633333333333333,
    "pred-temp_time_score": 0.034
}