{
    "rouge1": 0.17086235312072015, 
    "rouge2": 0.011271746778812087, 
    "rougeL": 0.07290439577340312, 
    "rouge1_precision": 0.1336680182208998, 
    "rouge1_recall": 0.31544304486615926, 
    "rouge2_precision": 0.00901880520895787, 
    "rouge2_recall": 0.02018434309496606, 
    "rougeL_precision": 0.05642755786765106, 
    "rougeL_recall": 0.1421936649674943, 
    "bleu1": 0.11099344027040535, 
    "bleu2": 0.025820976035533315, 
    "bleu3": 0.008972647005488481, 
    "bleu4": 0.0041683486934870565, 
    "true-perplexity": 39.407653759002685, 
    "true-ingredient_coverage": 0.584435077808551, 
    "true-step_complexity": 0.532093880967229, 
    "true-recipe_coherence": 0.21421724386724397, 
    "true-temp_time_score": 0.373, 
    "pred-perplexity": 78.93885814905167, 
    "pred-ingredient_coverage": 0.2980252603509193, 
    "pred-step_complexity": 0.9979945833333334, 
    "pred-recipe_coherence": 0.07116666666666667, 
    "pred-temp_time_score": 0.242
}