{
    "rouge1": 0.22371821837504907, 
    "rouge2": 0.026923919204477648, 
    "rougeL": 0.1037090226709424, 
    "rouge1_precision": 0.19800409762428003, 
    "rouge1_recall": 0.35919179230900883, 
    "rouge2_precision": 0.02471973592899302, 
    "rouge2_recall": 0.04196270563506391, 
    "rougeL_precision": 0.0941096270889626, 
    "rougeL_recall": 0.17214076125258168, 
    "bleu1": 0.14260761342245376, 
    "bleu2": 0.04561063807040115, 
    "bleu3": 0.017348716365560044, 
    "bleu4": 0.007802298006076412, 
    "true-perplexity": 39.407653759002685, 
    "true-ingredient_coverage": 0.584435077808551, 
    "true-step_complexity": 0.532093880967229, 
    "true-recipe_coherence": 0.21421724386724397, 
    "true-temp_time_score": 0.373, 
    "pred-perplexity": 58.74, 
    "pred-ingredient_coverage": 0.5923310954674765, 
    "pred-step_complexity": 0.7921413145756299, 
    "pred-recipe_coherence": 0.08046666666666667, 
    "pred-temp_time_score": 0.329
}
