{
    "rouge1": 0.13860675076139245, 
    "rouge2": 0.01052944901806746, 
    "rougeL": 0.07052759713621551, 
    "rouge1_precision": 0.14067723359226195, 
    "rouge1_recall": 0.2048920448498557, 
    "rouge2_precision": 0.011050595006424772, 
    "rouge2_recall": 0.014483222263935499, 
    "rougeL_precision": 0.07405491274515098, 
    "rougeL_recall": 0.10516966312872458, 
    "bleu1": 0.07960705842628495, 
    "bleu2": 0.01848223606399546, 
    "bleu3": 0.006820680980340208, 
    "bleu4": 0.0034368234883336434, 
    "true-perplexity": 39.407653759002685, 
    "true-ingredient_coverage": 0.584435077808551, 
    "true-step_complexity": 0.532093880967229, 
    "true-recipe_coherence": 0.21421724386724397, 
    "true-temp_time_score": 0.373, 
    "pred-perplexity": 171.0683586244583, 
    "pred-ingredient_coverage": 0.28644417145916073, 
    "pred-step_complexity": 0.841418898850523, 
    "pred-recipe_coherence": 0.05343333333333334, 
    "pred-temp_time_score": 0.109
}
